"sample.names";"species";"type";"kit";"preparation";"n_elution";"group";"num";"DNAconcentration";"sequenced";"exp"
"exp1_PowerSoil-eau-1elu-1";"BCC";"sample";"PowerSoil Pro";"water";"1";"PS_water_1";"1";262;FALSE;"1"
"exp1_PowerSoil-eau-1elu-2";"BCC";"sample";"PowerSoil Pro";"water";"1";"PS_water_1";"2";206;FALSE;"1"
"exp1_PowerSoil-eau-1elu-3";"BCC";"sample";"PowerSoil Pro";"water";"1";"PS_water_1";"3";360;FALSE;"1"
"exp1_PowerSoil-eau-1elu-4";"BCC";"sample";"PowerSoil Pro";"water";"1";"PS_water_1";"4";110;FALSE;"1"
"exp1_PowerSoil-eau-1elu-5";"BCC";"sample";"PowerSoil Pro";"water";"1";"PS_water_1";"5";163;TRUE;"1"
"exp1_PowerSoil-eau-1elu-6";"BCC";"sample";"PowerSoil Pro";"water";"1";"PS_water_1";"6";364;FALSE;"1"
"exp1_PowerSoil-eau-1elu-7";"BCC";"sample";"PowerSoil Pro";"water";"1";"PS_water_1";"7";288;TRUE;"1"
"exp1_PowerSoil-eau-1elu-8";"BCC";"sample";"PowerSoil Pro";"water";"1";"PS_water_1";"8";182;FALSE;"1"
"exp1_PowerSoil-eau-1elu-9";"BCC";"sample";"PowerSoil Pro";"water";"1";"PS_water_1";"9";438;TRUE;"1"
"exp1_PowerSoil-eau-1elu-10";"BCC";"sample";"PowerSoil Pro";"water";"1";"PS_water_1";"10";384;TRUE;"1"
"exp1_PowerSoil-eau-1elu-11";"BCC";"sample";"PowerSoil Pro";"water";"1";"PS_water_1";"11";356;TRUE;"1"
"exp1_PowerSoil-eau-1elu-12";"BCC";"sample";"PowerSoil Pro";"water";"1";"PS_water_1";"12";75,6;FALSE;"1"
"exp1_PowerSoil-eau-1elu-13";"BCC";"sample";"PowerSoil Pro";"water";"1";"PS_water_1";"13";234;FALSE;"1"
"exp1_PowerSoil-eau-1elu-14";"BCC";"sample";"PowerSoil Pro";"water";"1";"PS_water_1";"14";171;FALSE;"1"
"exp1_PowerSoil-eau-1elu-15";"BCC";"sample";"PowerSoil Pro";"water";"1";"PS_water_1";"15";408;FALSE;"1"
"exp1_PowerSoil-eau-1elu-B";"BCC";"ctrl";"PowerSoil Pro";"water";"1";"PS_water_1";"negative";5;FALSE;"1"
"exp1_PowerSoil-PBS-1elu-1";"BCC";"sample";"PowerSoil Pro";"PBS";"1";"PS_PBS_1";"1";304;FALSE;"1"
"exp1_PowerSoil-PBS-1elu-2";"BCC";"sample";"PowerSoil Pro";"PBS";"1";"PS_PBS_1";"2";124;FALSE;"1"
"exp1_PowerSoil-PBS-1elu-3";"BCC";"sample";"PowerSoil Pro";"PBS";"1";"PS_PBS_1";"3";372;TRUE;"1"
"exp1_PowerSoil-PBS-1elu-4";"BCC";"sample";"PowerSoil Pro";"PBS";"1";"PS_PBS_1";"4";254;FALSE;"1"
"exp1_PowerSoil-PBS-1elu-5";"BCC";"sample";"PowerSoil Pro";"PBS";"1";"PS_PBS_1";"5";328;FALSE;"1"
"exp1_PowerSoil-PBS-1elu-6";"BCC";"sample";"PowerSoil Pro";"PBS";"1";"PS_PBS_1";"6";190;FALSE;"1"
"exp1_PowerSoil-PBS-1elu-7";"BCC";"sample";"PowerSoil Pro";"PBS";"1";"PS_PBS_1";"7";572;FALSE;"1"
"exp1_PowerSoil-PBS-1elu-8";"BCC";"sample";"PowerSoil Pro";"PBS";"1";"PS_PBS_1";"8";450;TRUE;"1"
"exp1_PowerSoil-PBS-1elu-9";"BCC";"sample";"PowerSoil Pro";"PBS";"1";"PS_PBS_1";"9";548;FALSE;"1"
"exp1_PowerSoil-PBS-1elu-10";"BCC";"sample";"PowerSoil Pro";"PBS";"1";"PS_PBS_1";"10";548;TRUE;"1"
"exp1_PowerSoil-PBS-1elu-11";"BCC";"sample";"PowerSoil Pro";"PBS";"1";"PS_PBS_1";"11";660;TRUE;"1"
"exp1_PowerSoil-PBS-1elu-12";"BCC";"sample";"PowerSoil Pro";"PBS";"1";"PS_PBS_1";"12";292;FALSE;"1"
"exp1_PowerSoil-PBS-1elu-13";"BCC";"sample";"PowerSoil Pro";"PBS";"1";"PS_PBS_1";"13";292;FALSE;"1"
"exp1_PowerSoil-PBS-1elu-14";"BCC";"sample";"PowerSoil Pro";"PBS";"1";"PS_PBS_1";"14";294;TRUE;"1"
"exp1_PowerSoil-PBS-1elu-15";"BCC";"sample";"PowerSoil Pro";"PBS";"1";"PS_PBS_1";"15";620;FALSE;"1"
"exp1_PowerSoil-PBS-1elu-B";"BCC";"ctrl";"PowerSoil Pro";"PBS";"1";"PS_PBS_1";"negative";5;TRUE;"1"
"exp1_PowerSoil-eau-2elu-1";"BCC";"sample";"PowerSoil Pro";"water";"2";"PS_water_2";"1";216;FALSE;"1"
"exp1_PowerSoil-eau-2elu-2";"BCC";"sample";"PowerSoil Pro";"water";"2";"PS_water_2";"2";95,6;FALSE;"1"
"exp1_PowerSoil-eau-2elu-3";"BCC";"sample";"PowerSoil Pro";"water";"2";"PS_water_2";"3";158;FALSE;"1"
"exp1_PowerSoil-eau-2elu-4";"BCC";"sample";"PowerSoil Pro";"water";"2";"PS_water_2";"4";56,6;FALSE;"1"
"exp1_PowerSoil-eau-2elu-5";"BCC";"sample";"PowerSoil Pro";"water";"2";"PS_water_2";"5";131;TRUE;"1"
"exp1_PowerSoil-eau-2elu-6";"BCC";"sample";"PowerSoil Pro";"water";"2";"PS_water_2";"6";121;FALSE;"1"
"exp1_PowerSoil-eau-2elu-7";"BCC";"sample";"PowerSoil Pro";"water";"2";"PS_water_2";"7";163;TRUE;"1"
"exp1_PowerSoil-eau-2elu-8";"BCC";"sample";"PowerSoil Pro";"water";"2";"PS_water_2";"8";124;FALSE;"1"
"exp1_PowerSoil-eau-2elu-9";"BCC";"sample";"PowerSoil Pro";"water";"2";"PS_water_2";"9";252;TRUE;"1"
"exp1_PowerSoil-eau-2elu-10";"BCC";"sample";"PowerSoil Pro";"water";"2";"PS_water_2";"10";208;TRUE;"1"
"exp1_PowerSoil-eau-2elu-11";"BCC";"sample";"PowerSoil Pro";"water";"2";"PS_water_2";"11";173;TRUE;"1"
"exp1_PowerSoil-eau-2elu-12";"BCC";"sample";"PowerSoil Pro";"water";"2";"PS_water_2";"12";84,4;FALSE;"1"
"exp1_PowerSoil-eau-2elu-13";"BCC";"sample";"PowerSoil Pro";"water";"2";"PS_water_2";"13";43,2;FALSE;"1"
"exp1_PowerSoil-eau-2elu-14";"BCC";"sample";"PowerSoil Pro";"water";"2";"PS_water_2";"14";68;FALSE;"1"
"exp1_PowerSoil-eau-2elu-15";"BCC";"sample";"PowerSoil Pro";"water";"2";"PS_water_2";"15";234;FALSE;"1"
"exp1_PowerSoil-eau-2elu-B";"BCC";"ctrl";"PowerSoil Pro";"water";"2";"PS_water_2";"negative";43,4;FALSE;"1"
"exp1_PowerSoil-PBS-2elu-1";"BCC";"sample";"PowerSoil Pro";"PBS";"2";"PS_PBS_2";"1";165;FALSE;"1"
"exp1_PowerSoil-PBS-2elu-2";"BCC";"sample";"PowerSoil Pro";"PBS";"2";"PS_PBS_2";"2";127;FALSE;"1"
"exp1_PowerSoil-PBS-2elu-3";"BCC";"sample";"PowerSoil Pro";"PBS";"2";"PS_PBS_2";"3";210;TRUE;"1"
"exp1_PowerSoil-PBS-2elu-4";"BCC";"sample";"PowerSoil Pro";"PBS";"2";"PS_PBS_2";"4";126;FALSE;"1"
"exp1_PowerSoil-PBS-2elu-5";"BCC";"sample";"PowerSoil Pro";"PBS";"2";"PS_PBS_2";"5";138;FALSE;"1"
"exp1_PowerSoil-PBS-2elu-6";"BCC";"sample";"PowerSoil Pro";"PBS";"2";"PS_PBS_2";"6";167;FALSE;"1"
"exp1_PowerSoil-PBS-2elu-7";"BCC";"sample";"PowerSoil Pro";"PBS";"2";"PS_PBS_2";"7";332;FALSE;"1"
"exp1_PowerSoil-PBS-2elu-8";"BCC";"sample";"PowerSoil Pro";"PBS";"2";"PS_PBS_2";"8";408;TRUE;"1"
"exp1_PowerSoil-PBS-2elu-9";"BCC";"sample";"PowerSoil Pro";"PBS";"2";"PS_PBS_2";"9";304;FALSE;"1"
"exp1_PowerSoil-PBS-2elu-10";"BCC";"sample";"PowerSoil Pro";"PBS";"2";"PS_PBS_2";"10";290;TRUE;"1"
"exp1_PowerSoil-PBS-2elu-11";"BCC";"sample";"PowerSoil Pro";"PBS";"2";"PS_PBS_2";"11";382;TRUE;"1"
"exp1_PowerSoil-PBS-2elu-12";"BCC";"sample";"PowerSoil Pro";"PBS";"2";"PS_PBS_2";"12";147;FALSE;"1"
"exp1_PowerSoil-PBS-2elu-13";"BCC";"sample";"PowerSoil Pro";"PBS";"2";"PS_PBS_2";"13";150;FALSE;"1"
"exp1_PowerSoil-PBS-2elu-14";"BCC";"sample";"PowerSoil Pro";"PBS";"2";"PS_PBS_2";"14";199;TRUE;"1"
"exp1_PowerSoil-PBS-2elu-15";"BCC";"sample";"PowerSoil Pro";"PBS";"2";"PS_PBS_2";"15";748;FALSE;"1"
"exp1_PowerSoil-PBS-2elu-B";"BCC";"ctrl";"PowerSoil Pro";"PBS";"2";"PS_PBS_2";"negative";13,2;TRUE;"1"
"exp1_QuickDNA-eau-1elu-1";"BCC";"sample";"QuickDNA";"water";"1";"QD_water_1";"1";372;FALSE;"1"
"exp1_QuickDNA-eau-1elu-2";"BCC";"sample";"QuickDNA";"water";"1";"QD_water_1";"2";508;TRUE;"1"
"exp1_QuickDNA-eau-1elu-3";"BCC";"sample";"QuickDNA";"water";"1";"QD_water_1";"3";218;FALSE;"1"
"exp1_QuickDNA-eau-1elu-4";"BCC";"sample";"QuickDNA";"water";"1";"QD_water_1";"4";108;TRUE;"1"
"exp1_QuickDNA-eau-1elu-5";"BCC";"sample";"QuickDNA";"water";"1";"QD_water_1";"5";97;FALSE;"1"
"exp1_QuickDNA-eau-1elu-6";"BCC";"sample";"QuickDNA";"water";"1";"QD_water_1";"6";24;FALSE;"1"
"exp1_QuickDNA-eau-1elu-7";"BCC";"sample";"QuickDNA";"water";"1";"QD_water_1";"7";107;FALSE;"1"
"exp1_QuickDNA-eau-1elu-8";"BCC";"sample";"QuickDNA";"water";"1";"QD_water_1";"8";10,4;FALSE;"1"
"exp1_QuickDNA-eau-1elu-9";"BCC";"sample";"QuickDNA";"water";"1";"QD_water_1";"9";91;FALSE;"1"
"exp1_QuickDNA-eau-1elu-10";"BCC";"sample";"QuickDNA";"water";"1";"QD_water_1";"10";5;TRUE;"1"
"exp1_QuickDNA-eau-1elu-11";"BCC";"sample";"QuickDNA";"water";"1";"QD_water_1";"11";94,2;FALSE;"1"
"exp1_QuickDNA-eau-1elu-12";"BCC";"sample";"QuickDNA";"water";"1";"QD_water_1";"12";151;TRUE;"1"
"exp1_QuickDNA-eau-1elu-13";"BCC";"sample";"QuickDNA";"water";"1";"QD_water_1";"13";122;TRUE;"1"
"exp1_QuickDNA-eau-1elu-14";"BCC";"sample";"QuickDNA";"water";"1";"QD_water_1";"14";162;FALSE;"1"
"exp1_QuickDNA-eau-1elu-15";"BCC";"sample";"QuickDNA";"water";"1";"QD_water_1";"15";41,8;FALSE;"1"
"exp1_QuickDNA-eau-1elu-B";"BCC";"ctrl";"QuickDNA";"water";"1";"QD_water_1";"negative";5;FALSE;"1"
"exp1_QuickDNA-PBS-1elu-1";"BCC";"sample";"QuickDNA";"PBS";"1";"QD_PBS_1";"1";193;FALSE;"1"
"exp1_QuickDNA-PBS-1elu-2";"BCC";"sample";"QuickDNA";"PBS";"1";"QD_PBS_1";"2";91,8;FALSE;"1"
"exp1_QuickDNA-PBS-1elu-3";"BCC";"sample";"QuickDNA";"PBS";"1";"QD_PBS_1";"3";115;FALSE;"1"
"exp1_QuickDNA-PBS-1elu-4";"BCC";"sample";"QuickDNA";"PBS";"1";"QD_PBS_1";"4";15;FALSE;"1"
"exp1_QuickDNA-PBS-1elu-5";"BCC";"sample";"QuickDNA";"PBS";"1";"QD_PBS_1";"5";111;TRUE;"1"
"exp1_QuickDNA-PBS-1elu-6";"BCC";"sample";"QuickDNA";"PBS";"1";"QD_PBS_1";"6";115;TRUE;"1"
"exp1_QuickDNA-PBS-1elu-7";"BCC";"sample";"QuickDNA";"PBS";"1";"QD_PBS_1";"7";147;TRUE;"1"
"exp1_QuickDNA-PBS-1elu-8";"BCC";"sample";"QuickDNA";"PBS";"1";"QD_PBS_1";"8";33,6;FALSE;"1"
"exp1_QuickDNA-PBS-1elu-9";"BCC";"sample";"QuickDNA";"PBS";"1";"QD_PBS_1";"9";85,8;TRUE;"1"
"exp1_QuickDNA-PBS-1elu-10";"BCC";"sample";"QuickDNA";"PBS";"1";"QD_PBS_1";"10";40;FALSE;"1"
"exp1_QuickDNA-PBS-1elu-11";"BCC";"sample";"QuickDNA";"PBS";"1";"QD_PBS_1";"11";228;FALSE;"1"
"exp1_QuickDNA-PBS-1elu-12";"BCC";"sample";"QuickDNA";"PBS";"1";"QD_PBS_1";"12";62,2;TRUE;"1"
"exp1_QuickDNA-PBS-1elu-13";"BCC";"sample";"QuickDNA";"PBS";"1";"QD_PBS_1";"13";127;FALSE;"1"
"exp1_QuickDNA-PBS-1elu-14";"BCC";"sample";"QuickDNA";"PBS";"1";"QD_PBS_1";"14";472;FALSE;"1"
"exp1_QuickDNA-PBS-1elu-15";"BCC";"sample";"QuickDNA";"PBS";"1";"QD_PBS_1";"15";5;FALSE;"1"
"exp1_QuickDNA-PBS-1elu-B";"BCC";"ctrl";"QuickDNA";"PBS";"1";"QD_PBS_1";"negative";5;TRUE;"1"
"exp1_PureLink-eau-1elu-1";"BCC";"sample";"PureLink";"water";"1";"PL_water_1";"1";346;FALSE;"1"
"exp1_PureLink-eau-1elu-2";"BCC";"sample";"PureLink";"water";"1";"PL_water_1";"2";246;FALSE;"1"
"exp1_PureLink-eau-1elu-3";"BCC";"sample";"PureLink";"water";"1";"PL_water_1";"3";1400;TRUE;"1"
"exp1_PureLink-eau-1elu-4";"BCC";"sample";"PureLink";"water";"1";"PL_water_1";"4";612;TRUE;"1"
"exp1_PureLink-eau-1elu-5";"BCC";"sample";"PureLink";"water";"1";"PL_water_1";"5";5;TRUE;"1"
"exp1_PureLink-eau-1elu-6";"BCC";"sample";"PureLink";"water";"1";"PL_water_1";"6";328;FALSE;"1"
"exp1_PureLink-eau-1elu-7";"BCC";"sample";"PureLink";"water";"1";"PL_water_1";"7";5;TRUE;"1"
"exp1_PureLink-eau-1elu-8";"BCC";"sample";"PureLink";"water";"1";"PL_water_1";"8";680;FALSE;"1"
"exp1_PureLink-eau-1elu-9";"BCC";"sample";"PureLink";"water";"1";"PL_water_1";"9";278;FALSE;"1"
"exp1_PureLink-eau-1elu-10";"BCC";"sample";"PureLink";"water";"1";"PL_water_1";"10";696;FALSE;"1"
"exp1_PureLink-eau-1elu-11";"BCC";"sample";"PureLink";"water";"1";"PL_water_1";"11";166;FALSE;"1"
"exp1_PureLink-eau-1elu-12";"BCC";"sample";"PureLink";"water";"1";"PL_water_1";"12";252;FALSE;"1"
"exp1_PureLink-eau-1elu-13";"BCC";"sample";"PureLink";"water";"1";"PL_water_1";"13";110;TRUE;"1"
"exp1_PureLink-eau-1elu-14";"BCC";"sample";"PureLink";"water";"1";"PL_water_1";"14";84,2;FALSE;"1"
"exp1_PureLink-eau-1elu-15";"BCC";"sample";"PureLink";"water";"1";"PL_water_1";"15";87,6;FALSE;"1"
"exp1_PureLink-eau-1elu-B";"BCC";"ctrl";"PureLink";"water";"1";"PL_water_1";"negative";19,2;FALSE;"1"
"exp1_PureLink-PBS-1elu-1";"BCC";"sample";"PureLink";"PBS";"1";"PL_PBS_1";"1";454;FALSE;"1"
"exp1_PureLink-PBS-1elu-2";"BCC";"sample";"PureLink";"PBS";"1";"PL_PBS_1";"2";260;TRUE;"1"
"exp1_PureLink-PBS-1elu-3";"BCC";"sample";"PureLink";"PBS";"1";"PL_PBS_1";"3";410;FALSE;"1"
"exp1_PureLink-PBS-1elu-4";"BCC";"sample";"PureLink";"PBS";"1";"PL_PBS_1";"4";368;FALSE;"1"
"exp1_PureLink-PBS-1elu-5";"BCC";"sample";"PureLink";"PBS";"1";"PL_PBS_1";"5";548;FALSE;"1"
"exp1_PureLink-PBS-1elu-6";"BCC";"sample";"PureLink";"PBS";"1";"PL_PBS_1";"6";354;FALSE;"1"
"exp1_PureLink-PBS-1elu-7";"BCC";"sample";"PureLink";"PBS";"1";"PL_PBS_1";"7";320;TRUE;"1"
"exp1_PureLink-PBS-1elu-8";"BCC";"sample";"PureLink";"PBS";"1";"PL_PBS_1";"8";210;TRUE;"1"
"exp1_PureLink-PBS-1elu-9";"BCC";"sample";"PureLink";"PBS";"1";"PL_PBS_1";"9";316;FALSE;"1"
"exp1_PureLink-PBS-1elu-10";"BCC";"sample";"PureLink";"PBS";"1";"PL_PBS_1";"10";154;FALSE;"1"
"exp1_PureLink-PBS-1elu-11";"BCC";"sample";"PureLink";"PBS";"1";"PL_PBS_1";"11";520;TRUE;"1"
"exp1_PureLink-PBS-1elu-12";"BCC";"sample";"PureLink";"PBS";"1";"PL_PBS_1";"12";304;TRUE;"1"
"exp1_PureLink-PBS-1elu-13";"BCC";"sample";"PureLink";"PBS";"1";"PL_PBS_1";"13";346;FALSE;"1"
"exp1_PureLink-PBS-1elu-14";"BCC";"sample";"PureLink";"PBS";"1";"PL_PBS_1";"14";136;FALSE;"1"
"exp1_PureLink-PBS-1elu-15";"BCC";"sample";"PureLink";"PBS";"1";"PL_PBS_1";"15";388;FALSE;"1"
"exp1_PureLink-PBS-1elu-B";"BCC";"ctrl";"PureLink";"PBS";"1";"PL_PBS_1";"negative";26,4;TRUE;"1"
"exp1_PureLink-eau-2elu-1";"BCC";"sample";"PureLink";"water";"2";"PL_water_2";"1";356;FALSE;"1"
"exp1_PureLink-eau-2elu-2";"BCC";"sample";"PureLink";"water";"2";"PL_water_2";"2";448;FALSE;"1"
"exp1_PureLink-eau-2elu-3";"BCC";"sample";"PureLink";"water";"2";"PL_water_2";"3";1340;TRUE;"1"
"exp1_PureLink-eau-2elu-4";"BCC";"sample";"PureLink";"water";"2";"PL_water_2";"4";664;TRUE;"1"
"exp1_PureLink-eau-2elu-5";"BCC";"sample";"PureLink";"water";"2";"PL_water_2";"5";200;TRUE;"1"
"exp1_PureLink-eau-2elu-6";"BCC";"sample";"PureLink";"water";"2";"PL_water_2";"6";342;FALSE;"1"
"exp1_PureLink-eau-2elu-7";"BCC";"sample";"PureLink";"water";"2";"PL_water_2";"7";5;TRUE;"1"
"exp1_PureLink-eau-2elu-8";"BCC";"sample";"PureLink";"water";"2";"PL_water_2";"8";818;FALSE;"1"
"exp1_PureLink-eau-2elu-9";"BCC";"sample";"PureLink";"water";"2";"PL_water_2";"9";290;FALSE;"1"
"exp1_PureLink-eau-2elu-10";"BCC";"sample";"PureLink";"water";"2";"PL_water_2";"10";730;FALSE;"1"
"exp1_PureLink-eau-2elu-11";"BCC";"sample";"PureLink";"water";"2";"PL_water_2";"11";188;FALSE;"1"
"exp1_PureLink-eau-2elu-12";"BCC";"sample";"PureLink";"water";"2";"PL_water_2";"12";262;FALSE;"1"
"exp1_PureLink-eau-2elu-13";"BCC";"sample";"PureLink";"water";"2";"PL_water_2";"13";94,4;TRUE;"1"
"exp1_PureLink-eau-2elu-14";"BCC";"sample";"PureLink";"water";"2";"PL_water_2";"14";93,2;FALSE;"1"
"exp1_PureLink-eau-2elu-15";"BCC";"sample";"PureLink";"water";"2";"PL_water_2";"15";99;FALSE;"1"
"exp1_PureLink-eau-2elu-B";"BCC";"ctrl";"PureLink";"water";"2";"PL_water_2";"negative";5;FALSE;"1"
"exp1_PureLink-PBS-2elu-1";"BCC";"sample";"PureLink";"PBS";"2";"PL_PBS_2";"1";304;FALSE;"1"
"exp1_PureLink-PBS-2elu-2";"BCC";"sample";"PureLink";"PBS";"2";"PL_PBS_2";"2";260;TRUE;"1"
"exp1_PureLink-PBS-2elu-3";"BCC";"sample";"PureLink";"PBS";"2";"PL_PBS_2";"3";288;FALSE;"1"
"exp1_PureLink-PBS-2elu-4";"BCC";"sample";"PureLink";"PBS";"2";"PL_PBS_2";"4";264;FALSE;"1"
"exp1_PureLink-PBS-2elu-5";"BCC";"sample";"PureLink";"PBS";"2";"PL_PBS_2";"5";438;FALSE;"1"
"exp1_PureLink-PBS-2elu-6";"BCC";"sample";"PureLink";"PBS";"2";"PL_PBS_2";"6";288;FALSE;"1"
"exp1_PureLink-PBS-2elu-7";"BCC";"sample";"PureLink";"PBS";"2";"PL_PBS_2";"7";270;TRUE;"1"
"exp1_PureLink-PBS-2elu-8";"BCC";"sample";"PureLink";"PBS";"2";"PL_PBS_2";"8";127;TRUE;"1"
"exp1_PureLink-PBS-2elu-9";"BCC";"sample";"PureLink";"PBS";"2";"PL_PBS_2";"9";334;FALSE;"1"
"exp1_PureLink-PBS-2elu-10";"BCC";"sample";"PureLink";"PBS";"2";"PL_PBS_2";"10";181;FALSE;"1"
"exp1_PureLink-PBS-2elu-11";"BCC";"sample";"PureLink";"PBS";"2";"PL_PBS_2";"11";1110;TRUE;"1"
"exp1_PureLink-PBS-2elu-12";"BCC";"sample";"PureLink";"PBS";"2";"PL_PBS_2";"12";326;TRUE;"1"
"exp1_PureLink-PBS-2elu-13";"BCC";"sample";"PureLink";"PBS";"2";"PL_PBS_2";"13";292;FALSE;"1"
"exp1_PureLink-PBS-2elu-14";"BCC";"sample";"PureLink";"PBS";"2";"PL_PBS_2";"14";128;FALSE;"1"
"exp1_PureLink-PBS-2elu-15";"BCC";"sample";"PureLink";"PBS";"2";"PL_PBS_2";"15";420;FALSE;"1"
"exp1_PureLink-PBS-2elu-B";"BCC";"ctrl";"PureLink";"PBS";"2";"PL_PBS_2";"negative";5;TRUE;"1"
"exp1_MAGMAX-eau-1elu-1";"BCC";"sample";"MagMAX";"water";"1";"MM_water_1";"1";212;FALSE;"1"
"exp1_MAGMAX-eau-1elu-2";"BCC";"sample";"MagMAX";"water";"1";"MM_water_1";"2";80,6;FALSE;"1"
"exp1_MAGMAX-eau-1elu-3";"BCC";"sample";"MagMAX";"water";"1";"MM_water_1";"3";118;TRUE;"1"
"exp1_MAGMAX-eau-1elu-4";"BCC";"sample";"MagMAX";"water";"1";"MM_water_1";"4";92,6;FALSE;"1"
"exp1_MAGMAX-eau-1elu-5";"BCC";"sample";"MagMAX";"water";"1";"MM_water_1";"5";145;TRUE;"1"
"exp1_MAGMAX-eau-1elu-6";"BCC";"sample";"MagMAX";"water";"1";"MM_water_1";"6";77,8;FALSE;"1"
"exp1_MAGMAX-eau-1elu-7";"BCC";"sample";"MagMAX";"water";"1";"MM_water_1";"7";132;FALSE;"1"
"exp1_MAGMAX-eau-1elu-8";"BCC";"sample";"MagMAX";"water";"1";"MM_water_1";"8";190;TRUE;"1"
"exp1_MAGMAX-eau-1elu-9";"BCC";"sample";"MagMAX";"water";"1";"MM_water_1";"9";264;FALSE;"1"
"exp1_MAGMAX-eau-1elu-10";"BCC";"sample";"MagMAX";"water";"1";"MM_water_1";"10";318;FALSE;"1"
"exp1_MAGMAX-eau-1elu-11";"BCC";"sample";"MagMAX";"water";"1";"MM_water_1";"11";57;TRUE;"1"
"exp1_MAGMAX-eau-1elu-12";"BCC";"sample";"MagMAX";"water";"1";"MM_water_1";"12";60,4;TRUE;"1"
"exp1_MAGMAX-eau-1elu-13";"BCC";"sample";"MagMAX";"water";"1";"MM_water_1";"13";82;FALSE;"1"
"exp1_MAGMAX-eau-1elu-14";"BCC";"sample";"MagMAX";"water";"1";"MM_water_1";"14";104;FALSE;"1"
"exp1_MAGMAX-eau-1elu-15";"BCC";"sample";"MagMAX";"water";"1";"MM_water_1";"15";122;FALSE;"1"
"exp1_MAGMAX-eau-1elu-B";"BCC";"ctrl";"MagMAX";"water";"1";"MM_water_1";"negative";29,2;FALSE;"1"
"exp1_MAGMAX-PBS-1elu-1";"BCC";"sample";"MagMAX";"PBS";"1";"MM_PBS_1";"1";154;FALSE;"1"
"exp1_MAGMAX-PBS-1elu-2";"BCC";"sample";"MagMAX";"PBS";"1";"MM_PBS_1";"2";56,8;FALSE;"1"
"exp1_MAGMAX-PBS-1elu-3";"BCC";"sample";"MagMAX";"PBS";"1";"MM_PBS_1";"3";92;FALSE;"1"
"exp1_MAGMAX-PBS-1elu-4";"BCC";"sample";"MagMAX";"PBS";"1";"MM_PBS_1";"4";116;FALSE;"1"
"exp1_MAGMAX-PBS-1elu-5";"BCC";"sample";"MagMAX";"PBS";"1";"MM_PBS_1";"5";178;FALSE;"1"
"exp1_MAGMAX-PBS-1elu-6";"BCC";"sample";"MagMAX";"PBS";"1";"MM_PBS_1";"6";75,8;FALSE;"1"
"exp1_MAGMAX-PBS-1elu-7";"BCC";"sample";"MagMAX";"PBS";"1";"MM_PBS_1";"7";112;TRUE;"1"
"exp1_MAGMAX-PBS-1elu-8";"BCC";"sample";"MagMAX";"PBS";"1";"MM_PBS_1";"8";187;FALSE;"1"
"exp1_MAGMAX-PBS-1elu-9";"BCC";"sample";"MagMAX";"PBS";"1";"MM_PBS_1";"9";368;FALSE;"1"
"exp1_MAGMAX-PBS-1elu-10";"BCC";"sample";"MagMAX";"PBS";"1";"MM_PBS_1";"10";107;FALSE;"1"
"exp1_MAGMAX-PBS-1elu-11";"BCC";"sample";"MagMAX";"PBS";"1";"MM_PBS_1";"11";173;TRUE;"1"
"exp1_MAGMAX-PBS-1elu-12";"BCC";"sample";"MagMAX";"PBS";"1";"MM_PBS_1";"12";66,2;TRUE;"1"
"exp1_MAGMAX-PBS-1elu-13";"BCC";"sample";"MagMAX";"PBS";"1";"MM_PBS_1";"13";95,2;FALSE;"1"
"exp1_MAGMAX-PBS-1elu-14";"BCC";"sample";"MagMAX";"PBS";"1";"MM_PBS_1";"14";90,2;TRUE;"1"
"exp1_MAGMAX-PBS-1elu-15";"BCC";"sample";"MagMAX";"PBS";"1";"MM_PBS_1";"15";204;TRUE;"1"
"exp1_MAGMAX-PBS-1elu-B";"BCC";"ctrl";"MagMAX";"PBS";"1";"MM_PBS_1";"negative";22,6;TRUE;"1"
"exp1_StoolNorgen-eau-1elu-1";"BCC";"sample";"StoolNorgen";"water";"1";"SN_water_1";"1";670;TRUE;"1"
"exp1_StoolNorgen-eau-1elu-2";"BCC";"sample";"StoolNorgen";"water";"1";"SN_water_1";"2";440;FALSE;"1"
"exp1_StoolNorgen-eau-1elu-3";"BCC";"sample";"StoolNorgen";"water";"1";"SN_water_1";"3";92,6;FALSE;"1"
"exp1_StoolNorgen-eau-1elu-4";"BCC";"sample";"StoolNorgen";"water";"1";"SN_water_1";"4";54,8;FALSE;"1"
"exp1_StoolNorgen-eau-1elu-5";"BCC";"sample";"StoolNorgen";"water";"1";"SN_water_1";"5";378;FALSE;"1"
"exp1_StoolNorgen-eau-1elu-6";"BCC";"sample";"StoolNorgen";"water";"1";"SN_water_1";"6";240;FALSE;"1"
"exp1_StoolNorgen-eau-1elu-7";"BCC";"sample";"StoolNorgen";"water";"1";"SN_water_1";"7";498;FALSE;"1"
"exp1_StoolNorgen-eau-1elu-8";"BCC";"sample";"StoolNorgen";"water";"1";"SN_water_1";"8";302;TRUE;"1"
"exp1_StoolNorgen-eau-1elu-9";"BCC";"sample";"StoolNorgen";"water";"1";"SN_water_1";"9";454;FALSE;"1"
"exp1_StoolNorgen-eau-1elu-10";"BCC";"sample";"StoolNorgen";"water";"1";"SN_water_1";"10";274;FALSE;"1"
"exp1_StoolNorgen-eau-1elu-11";"BCC";"sample";"StoolNorgen";"water";"1";"SN_water_1";"11";446;TRUE;"1"
"exp1_StoolNorgen-eau-1elu-12";"BCC";"sample";"StoolNorgen";"water";"1";"SN_water_1";"12";262;TRUE;"1"
"exp1_StoolNorgen-eau-1elu-13";"BCC";"sample";"StoolNorgen";"water";"1";"SN_water_1";"13";458;FALSE;"1"
"exp1_StoolNorgen-eau-1elu-14";"BCC";"sample";"StoolNorgen";"water";"1";"SN_water_1";"14";270;FALSE;"1"
"exp1_StoolNorgen-eau-1elu-15";"BCC";"sample";"StoolNorgen";"water";"1";"SN_water_1";"15";394;TRUE;"1"
"exp1_StoolNorgen-eau-1elu-B";"BCC";"ctrl";"StoolNorgen";"water";"1";"SN_water_1";"negative";22,4;FALSE;"1"
"exp1_StoolNorgen-eau-2elu-1";"BCC";"sample";"StoolNorgen";"water";"2";"SN_water_2";"1";692;TRUE;"1"
"exp1_StoolNorgen-eau-2elu-2";"BCC";"sample";"StoolNorgen";"water";"2";"SN_water_2";"2";392;FALSE;"1"
"exp1_StoolNorgen-eau-2elu-3";"BCC";"sample";"StoolNorgen";"water";"2";"SN_water_2";"3";97,2;FALSE;"1"
"exp1_StoolNorgen-eau-2elu-4";"BCC";"sample";"StoolNorgen";"water";"2";"SN_water_2";"4";58,2;FALSE;"1"
"exp1_StoolNorgen-eau-2elu-5";"BCC";"sample";"StoolNorgen";"water";"2";"SN_water_2";"5";402;FALSE;"1"
"exp1_StoolNorgen-eau-2elu-6";"BCC";"sample";"StoolNorgen";"water";"2";"SN_water_2";"6";262;FALSE;"1"
"exp1_StoolNorgen-eau-2elu-7";"BCC";"sample";"StoolNorgen";"water";"2";"SN_water_2";"7";494;FALSE;"1"
"exp1_StoolNorgen-eau-2elu-8";"BCC";"sample";"StoolNorgen";"water";"2";"SN_water_2";"8";338;TRUE;"1"
"exp1_StoolNorgen-eau-2elu-9";"BCC";"sample";"StoolNorgen";"water";"2";"SN_water_2";"9";458;FALSE;"1"
"exp1_StoolNorgen-eau-2elu-10";"BCC";"sample";"StoolNorgen";"water";"2";"SN_water_2";"10";328;FALSE;"1"
"exp1_StoolNorgen-eau-2elu-11";"BCC";"sample";"StoolNorgen";"water";"2";"SN_water_2";"11";448;TRUE;"1"
"exp1_StoolNorgen-eau-2elu-12";"BCC";"sample";"StoolNorgen";"water";"2";"SN_water_2";"12";272;TRUE;"1"
"exp1_StoolNorgen-eau-2elu-13";"BCC";"sample";"StoolNorgen";"water";"2";"SN_water_2";"13";464;FALSE;"1"
"exp1_StoolNorgen-eau-2elu-14";"BCC";"sample";"StoolNorgen";"water";"2";"SN_water_2";"14";316;FALSE;"1"
"exp1_StoolNorgen-eau-2elu-15";"BCC";"sample";"StoolNorgen";"water";"2";"SN_water_2";"15";478;TRUE;"1"
"exp1_StoolNorgen-eau-2elu-B";"BCC";"ctrl";"StoolNorgen";"water";"2";"SN_water_2";"negative";34,2;FALSE;"1"
"exp1_StoolNorgen-PBS-1elu-1";"BCC";"sample";"StoolNorgen";"PBS";"1";"SN_PBS_1";"1";246;FALSE;"1"
"exp1_StoolNorgen-PBS-1elu-2";"BCC";"sample";"StoolNorgen";"PBS";"1";"SN_PBS_1";"2";222;TRUE;"1"
"exp1_StoolNorgen-PBS-1elu-3";"BCC";"sample";"StoolNorgen";"PBS";"1";"SN_PBS_1";"3";268;FALSE;"1"
"exp1_StoolNorgen-PBS-1elu-4";"BCC";"sample";"StoolNorgen";"PBS";"1";"SN_PBS_1";"4";166;FALSE;"1"
"exp1_StoolNorgen-PBS-1elu-5";"BCC";"sample";"StoolNorgen";"PBS";"1";"SN_PBS_1";"5";442;TRUE;"1"
"exp1_StoolNorgen-PBS-1elu-6";"BCC";"sample";"StoolNorgen";"PBS";"1";"SN_PBS_1";"6";268;FALSE;"1"
"exp1_StoolNorgen-PBS-1elu-7";"BCC";"sample";"StoolNorgen";"PBS";"1";"SN_PBS_1";"7";394;FALSE;"1"
"exp1_StoolNorgen-PBS-1elu-8";"BCC";"sample";"StoolNorgen";"PBS";"1";"SN_PBS_1";"8";252;TRUE;"1"
"exp1_StoolNorgen-PBS-1elu-9";"BCC";"sample";"StoolNorgen";"PBS";"1";"SN_PBS_1";"9";82;FALSE;"1"
"exp1_StoolNorgen-PBS-1elu-10";"BCC";"sample";"StoolNorgen";"PBS";"1";"SN_PBS_1";"10";416;FALSE;"1"
"exp1_StoolNorgen-PBS-1elu-11";"BCC";"sample";"StoolNorgen";"PBS";"1";"SN_PBS_1";"11";892;FALSE;"1"
"exp1_StoolNorgen-PBS-1elu-12";"BCC";"sample";"StoolNorgen";"PBS";"1";"SN_PBS_1";"12";284;TRUE;"1"
"exp1_StoolNorgen-PBS-1elu-13";"BCC";"sample";"StoolNorgen";"PBS";"1";"SN_PBS_1";"13";294;TRUE;"1"
"exp1_StoolNorgen-PBS-1elu-14";"BCC";"sample";"StoolNorgen";"PBS";"1";"SN_PBS_1";"14";193;FALSE;"1"
"exp1_StoolNorgen-PBS-1elu-15";"BCC";"sample";"StoolNorgen";"PBS";"1";"SN_PBS_1";"15";124;FALSE;"1"
"exp1_StoolNorgen-PBS-1elu-B";"BCC";"ctrl";"StoolNorgen";"PBS";"1";"SN_PBS_1";"negative";15,6;TRUE;"1"
"exp1_StoolNorgen-PBS-2elu-1";"BCC";"sample";"StoolNorgen";"PBS";"2";"SN_PBS_2";"1";306;FALSE;"1"
"exp1_StoolNorgen-PBS-2elu-2";"BCC";"sample";"StoolNorgen";"PBS";"2";"SN_PBS_2";"2";236;TRUE;"1"
"exp1_StoolNorgen-PBS-2elu-3";"BCC";"sample";"StoolNorgen";"PBS";"2";"SN_PBS_2";"3";358;FALSE;"1"
"exp1_StoolNorgen-PBS-2elu-4";"BCC";"sample";"StoolNorgen";"PBS";"2";"SN_PBS_2";"4";196;FALSE;"1"
"exp1_StoolNorgen-PBS-2elu-5";"BCC";"sample";"StoolNorgen";"PBS";"2";"SN_PBS_2";"5";534;TRUE;"1"
"exp1_StoolNorgen-PBS-2elu-6";"BCC";"sample";"StoolNorgen";"PBS";"2";"SN_PBS_2";"6";306;FALSE;"1"
"exp1_StoolNorgen-PBS-2elu-7";"BCC";"sample";"StoolNorgen";"PBS";"2";"SN_PBS_2";"7";518;FALSE;"1"
"exp1_StoolNorgen-PBS-2elu-8";"BCC";"sample";"StoolNorgen";"PBS";"2";"SN_PBS_2";"8";296;TRUE;"1"
"exp1_StoolNorgen-PBS-2elu-9";"BCC";"sample";"StoolNorgen";"PBS";"2";"SN_PBS_2";"9";87,4;FALSE;"1"
"exp1_StoolNorgen-PBS-2elu-10";"BCC";"sample";"StoolNorgen";"PBS";"2";"SN_PBS_2";"10";542;FALSE;"1"
"exp1_StoolNorgen-PBS-2elu-11";"BCC";"sample";"StoolNorgen";"PBS";"2";"SN_PBS_2";"11";1270;FALSE;"1"
"exp1_StoolNorgen-PBS-2elu-12";"BCC";"sample";"StoolNorgen";"PBS";"2";"SN_PBS_2";"12";330;TRUE;"1"
"exp1_StoolNorgen-PBS-2elu-13";"BCC";"sample";"StoolNorgen";"PBS";"2";"SN_PBS_2";"13";366;TRUE;"1"
"exp1_StoolNorgen-PBS-2elu-14";"BCC";"sample";"StoolNorgen";"PBS";"2";"SN_PBS_2";"14";204;FALSE;"1"
"exp1_StoolNorgen-PBS-2elu-15";"BCC";"sample";"StoolNorgen";"PBS";"2";"SN_PBS_2";"15";132;FALSE;"1"
"exp1_StoolNorgen-PBS-2elu-B";"BCC";"ctrl";"StoolNorgen";"PBS";"2";"SN_PBS_2";"negative";28,6;TRUE;"1"
"exp1_Helene-CTRL-PCR-neg";"BCC";"ctrl";"PCR";NA;NA;"PCR";"negative";NA;TRUE;"1"
"exp1_Helene-CTRL-PCR-pos";"BCC";"ctrl";"PCR";NA;NA;"PCR";"positive";NA;TRUE;"1"
"exp1_Norgen-blanc-1elu-B";"BCC";"ctrl";"StoolNorgen";NA;"1";"SN_water_1";"negative2";NA;TRUE;"1"
"exp1_Norgen-blanc-2elu-B";"BCC";"ctrl";"StoolNorgen";NA;"2";"SN_water_2";"negative2";NA;TRUE;"1"
"exp1_StoolNorgen-eau-blank-1-1e";"BCC";"ctrl";"StoolNorgen";"water";"1";"SN_water_1";"negative3";NA;TRUE;"1"
"exp1_StoolNorgen-eau-blank-1-2e";"BCC";"ctrl";"StoolNorgen";"water";"2";"SN_water_2";"negative3";NA;TRUE;"1"
"exp1_StoolNorgen-eau-blank-2-1e";"BCC";"ctrl";"StoolNorgen";"water";"1";"SN_water_1";"negative4";NA;TRUE;"1"
"exp1_StoolNorgen-eau-blank-2-2e";"BCC";"ctrl";"StoolNorgen";"water";"2";"SN_water_2";"negative4";NA;TRUE;"1"
"exp2_ctrl-PCR-neg-Helene";"BT";"ctrl";"PCR";"PBS";"1";"PCR";"negative";NA;TRUE;"2"
"exp2_ctrl-PCR-pos-Helene";"BT";"ctrl";"PCR";"PBS";"1";"PCR";"positive";NA;TRUE;"2"
"exp2_L1";"BT";"sample";"PureLink";"PBS";"1";"PL_PBS_1";"1";5;TRUE;"2"
"exp2_L2";"BT";"sample";"PureLink";"PBS";"1";"PL_PBS_1";"2";592;TRUE;"2"
"exp2_L3";"BT";"sample";"PureLink";"PBS";"1";"PL_PBS_1";"3";632;TRUE;"2"
"exp2_L4";"BT";"sample";"PureLink";"PBS";"1";"PL_PBS_1";"4";820;TRUE;"2"
"exp2_L5";"BT";"sample";"PureLink";"PBS";"1";"PL_PBS_1";"5";900;TRUE;"2"
"exp2_LB";"BT";"ctrl";"PureLink";"PBS";"1";"PL_PBS_1";"negative";5;TRUE;"2"
"exp2_M1";"BT";"sample";"MagMAX";"PBS";"1";"MM_PBS_1";"1";580;TRUE;"2"
"exp2_M2";"BT";"sample";"MagMAX";"PBS";"1";"MM_PBS_1";"2";342;TRUE;"2"
"exp2_M3";"BT";"sample";"MagMAX";"PBS";"1";"MM_PBS_1";"3";271;TRUE;"2"
"exp2_M4";"BT";"sample";"MagMAX";"PBS";"1";"MM_PBS_1";"4";71;TRUE;"2"
"exp2_M5";"BT";"sample";"MagMAX";"PBS";"1";"MM_PBS_1";"5";208;TRUE;"2"
"exp2_MB";"BT";"ctrl";"MagMAX";"PBS";"1";"MM_PBS_1";"negative";31;TRUE;"2"
"exp2_S1";"BT";"sample";"PowerSoil Pro";"PBS";"1";"PS_PBS_1";"1";5;TRUE;"2"
"exp2_S2";"BT";"sample";"PowerSoil Pro";"PBS";"1";"PS_PBS_1";"2";5;TRUE;"2"
"exp2_S3";"BT";"sample";"PowerSoil Pro";"PBS";"1";"PS_PBS_1";"3";41;TRUE;"2"
"exp2_S4";"BT";"sample";"PowerSoil Pro";"PBS";"1";"PS_PBS_1";"4";5;TRUE;"2"
"exp2_S5";"BT";"sample";"PowerSoil Pro";"PBS";"1";"PS_PBS_1";"5";26;TRUE;"2"
"exp2_SB";"BT";"ctrl";"PowerSoil Pro";"PBS";"1";"PS_PBS_1";"negative";5;TRUE;"2"
"exp2_QuickDNA-1";"BT";"sample";"QuickDNA";"PBS";"1";"QD_PBS_1";"1";26;FALSE;"2"
"exp2_QuickDNA-2";"BT";"sample";"QuickDNA";"PBS";"1";"QD_PBS_1";"2";5;FALSE;"2"
"exp2_QuickDNA-3";"BT";"sample";"QuickDNA";"PBS";"1";"QD_PBS_1";"3";23;FALSE;"2"
"exp2_QuickDNA-4";"BT";"sample";"QuickDNA";"PBS";"1";"QD_PBS_1";"4";5;FALSE;"2"
"exp2_QuickDNA-5";"BT";"sample";"QuickDNA";"PBS";"1";"QD_PBS_1";"5";5;FALSE;"2"
"exp2_QuickDNA-negative";"BT";"ctrl";"QuickDNA";"PBS";"1";"QD_PBS_1";"negative";24;FALSE;"2"
"exp2_StoolNorgen-1";"BT";"sample";"StoolNorgen";"PBS";"1";"SN_PBS_1";"1";30;FALSE;"2"
"exp2_StoolNorgen-2";"BT";"sample";"StoolNorgen";"PBS";"1";"SN_PBS_1";"2";49;FALSE;"2"
"exp2_StoolNorgen-3";"BT";"sample";"StoolNorgen";"PBS";"1";"SN_PBS_1";"3";51;FALSE;"2"
"exp2_StoolNorgen-4";"BT";"sample";"StoolNorgen";"PBS";"1";"SN_PBS_1";"4";33;FALSE;"2"
"exp2_StoolNorgen-5";"BT";"sample";"StoolNorgen";"PBS";"1";"SN_PBS_1";"5";32;FALSE;"2"
"exp2_StoolNorgen-negative";"BT";"ctrl";"StoolNorgen";"PBS";"1";"SN_PBS_1";"negative";38;FALSE;"2"
